Name,Quantity,Component
"1, 2",2," Breadboard"
"BAT1",1," 9V Battery"
"Rmain1, Rmain2, R5, R6, R13, R24, R26",7,"10 kΩ Resistor"
"Cmain9",1,"47 uF Capacitor"
"S1, S2, S3, S4, S5, S6, S7",7," Slideswitch"
"R1, R2, R11, R16, R27",5,"1 kΩ Resistor"
"C1, C3, C13",3,"47 nF Capacitor"
"T1, T2, T3",3," NPN Transistor (BJT)"
"C2, C6, C8",3,"470 nF Capacitor"
"R3, R4, R8, R14, R15, R25, R28",7,"100 kΩ Resistor"
"C4",1,"250 pF Capacitor"
"R7",1,"470 kΩ Resistor"
"C5",1,"65 nF Capacitor"
"R9",1,"47 kΩ Resistor"
"R10",1,"22 Ω Resistor"
"R12, R19",2,"3.3 kΩ Resistor"
"D1, D2, D3",3," Diode"
"U1, U2",2," 741 Operational Amplifier"
"C7",1,"100 pF Capacitor"
"Rpot1, Rpot4",2,"100 kΩ Potentiometer"
"R17",1,"1.5 kΩ Resistor"
"R18, R21",2,"2.2 kΩ Resistor"
"R20",1,"4.7 kΩ Resistor"
"C9",1,"10 nF Capacitor"
"C10",1,"22 nF Capacitor"
"Rpot2",1,"20 kΩ Potentiometer"
"R22, R23",2,"6.8 kΩ Resistor"
"C11",1,"100 nF Capacitor"
"C14",1,"1 uF Capacitor"
"Input",2,"6.35mm mono input"
