Component,Qty,Supplier,Part / Link,Unit Price NZD,Subtotal NZD
830-point breadboard,2,Jaycar,PB8815 - https://www.jaycar.co.nz/arduino-compatible-breadboard-with-830-tie-points/p/PB8815,26.9,53.8
9V alkaline battery,1,Jaycar,SB2423 - https://www.jaycar.co.nz/eclipse-9v-alkaline-battery/p/SB2423,8.9,8.9
"10kO resistor, 0.5W, 8-pack",1,Jaycar,RR0596 - https://www.jaycar.co.nz/10k-ohm-0-5-watt-metal-film-resistors-pack-of-8/p/RR0596,1,1
"1kO resistor, 0.5W, 8-pack",1,Jaycar,RR0572 - https://www.jaycar.co.nz/1k-ohm-0-5-watt-metal-film-resistors-pack-of-8/p/RR0572,1,1
"100kO resistor, 0.5W, 8-pack",1,Jaycar,RR0620,1,1
"470kO resistor, 0.5W, 8-pack",1,Jaycar,RR0636,1,1
"47kO resistor, 0.5W, 8-pack",1,Jaycar,RR0612,1,1
"22O resistor, 0.5W, 8-pack",1,Jaycar,RR0532,1,1
"3.3kO resistor, 0.5W, 8-pack",1,Jaycar,RR0584,1,1
"1.5kO resistor, 0.5W, 8-pack",1,Jaycar,RR0576,1,1
"2.2kO resistor, 0.5W, 8-pack",1,Jaycar,RR0580,1,1
"4.7kO resistor, 0.5W, 8-pack",1,Jaycar,RR0588,1,1
"6.8kO resistor, 0.5W, 8-pack",1,Jaycar,RR0592,1,1
47µF capacitor,1,Jaycar,RE6332,0.5,0.5
47nF capacitor,3,Jaycar,RG5105,0.4,1.2
470nF capacitor,3,Jaycar,RG5165,0.5,1.5
250pF capacitor,1,AliExpress,"Exact 250pF through-hole ceramic, ~https://www.aliexpress.com/w/wholesale-250pf-capacitor.html",1,1
65nF capacitor,1,AliExpress,"Exact 65nF through-hole film, ~https://www.aliexpress.com/w/wholesale-65nf-capacitor.html",1,1
100pF capacitor,1,Jaycar,RC5324,0.5,0.5
10nF capacitor,1,Jaycar,RM7065,0.4,0.4
22nF capacitor,1,Jaycar,RG5085,0.4,0.4
100nF capacitor,1,Jaycar,RG5125,0.4,0.4
1µF capacitor,1,Jaycar,RC5499,0.9,0.9
BC547 NPN transistor,3,Jaycar,ZT2152,0.4,1.2
LM741 op-amp,2,Jaycar,ZL3741,2.3,4.6
"1N4148/1N914 diode, 5-pack",1,Jaycar,ZR1100,1.1,1.1
100kO linear potentiometer,2,Jaycar,RP3518,4.6,9.2
20kO linear potentiometer,1,AliExpress,"B20K linear, ~https://www.aliexpress.com/w/wholesale-20k-potentiometer.html",1.5,1.5
DPDT,7,Jaycar,SS0821,2,14
Female 1/4in / 6.35mm mono chassis socket,2,Jaycar,PS0162,2.4,4.8
